{"cameraMode":{"drawMode":0,"name":"Shaded","section":"Shading Mode"},"sceneLighting":true,"audioPlay":false,"sceneViewState":{"showFog":true,"showMaterialUpdate":false,"showSkybox":true,"showFlares":true,"showImageEffects":true,"showParticleSystems":true},"in2DMode":false,"pivot":{"x":-0.7739787101745606,"y":1.220926284790039,"z":3.6729657649993898},"rotation":{"x":-0.2001042366027832,"y":0.5847174525260925,"z":-0.151678204536438,"w":-0.7714020609855652},"size":3.6073946952819826,"orthographic":false}