{"cameraMode":{"drawMode":0,"name":"Shaded","section":"Shading Mode"},"sceneLighting":false,"audioPlay":false,"sceneViewState":{"showFog":true,"showMaterialUpdate":false,"showSkybox":false,"showFlares":true,"showImageEffects":true,"showParticleSystems":true},"in2DMode":false,"pivot":{"x":3.446648597717285,"y":-0.06413698196411133,"z":-0.33900129795074465},"rotation":{"x":0.19498279690742494,"y":-0.12963075935840608,"z":0.026006773114204408,"w":0.9718576669692993},"size":13.832173347473145,"orthographic":false}